PC,Explained Variance,Cumulative Variance
,0.0,0.0
PC1,0.4746829221379676,0.475
PC2,0.340290105813364,0.815
PC3,0.04811903720476981,0.863
PC4,0.04029841362484259,0.903
PC5,0.02689637613045562,0.93
PC6,0.01580677794008231,0.9460000000000001
