PC,Explained Variance,Cumulative Variance
,0.0,0.0
PC1,0.4746829221379673,0.475
PC2,0.34029010581336383,0.815
PC3,0.0481190372047697,0.863
PC4,0.040298413624842634,0.903
PC5,0.02689637613045568,0.93
PC6,0.01580677794008231,0.9460000000000001
